run_id,run_name,dict_threshold,min_support,min_dict_chars,max_event_coverage,dict_min_label_margin,dict_prob_smoothing_alpha,dict_ml_blend_weight,use_ml_prior,policy_dict_size,econ_dict_size,dict_total_size,policy_event_active_ratio,econ_event_active_ratio,policy_label_match_rate,Imp_mean,Imp_std,Ieo_mean,Ieo_std,events_count,size_norm,score_primary,score_coverage_first
6,run_006_thr0.50_sup2_len3_cov0.30_ml1_mg0.00_sa0.20_bw0.35,0.5,2,3,0.3,0.0,0.2,0.35,1,775,974,1749,0.9276018099547512,0.8461538461538461,0.7782805429864253,0.23219812358780595,0.7676125793139874,0.12257139263850503,0.6694415371865569,221,0.9817017383348582,0.7834940986036191,0.8194177261304972
12,run_012_thr0.50_sup2_len3_cov0.30_ml1_mg0.02_sa0.20_bw0.35,0.5,2,3,0.3,0.02,0.2,0.35,1,775,974,1749,0.9276018099547512,0.8461538461538461,0.7782805429864253,0.23219812358780595,0.7676125793139874,0.12257139263850503,0.6694415371865569,221,0.9817017383348582,0.7834940986036191,0.8194177261304972
18,run_018_thr0.50_sup2_len3_cov0.35_ml1_mg0.00_sa0.20_bw0.35,0.5,2,3,0.35,0.0,0.2,0.35,1,775,974,1749,0.9276018099547512,0.8461538461538461,0.7782805429864253,0.23219812358780595,0.7676125793139874,0.12257139263850503,0.6694415371865569,221,0.9817017383348582,0.7834940986036191,0.8194177261304972
24,run_024_thr0.50_sup2_len3_cov0.35_ml1_mg0.02_sa0.20_bw0.35,0.5,2,3,0.35,0.02,0.2,0.35,1,775,974,1749,0.9276018099547512,0.8461538461538461,0.7782805429864253,0.23219812358780595,0.7676125793139874,0.12257139263850503,0.6694415371865569,221,0.9817017383348582,0.7834940986036191,0.8194177261304972
9,run_009_thr0.50_sup2_len3_cov0.30_ml1_mg0.02_sa0.00_bw0.35,0.5,2,3,0.3,0.02,0.0,0.35,1,788,974,1762,0.9276018099547512,0.8461538461538461,0.7782805429864253,0.23556147730200547,0.7677316544305626,0.12226671600365861,0.6707115253663323,221,0.9935956084172004,0.782899405099502,0.819060910028027
21,run_021_thr0.50_sup2_len3_cov0.35_ml1_mg0.02_sa0.00_bw0.35,0.5,2,3,0.35,0.02,0.0,0.35,1,788,974,1762,0.9276018099547512,0.8461538461538461,0.7782805429864253,0.23556147730200547,0.7677316544305626,0.12226671600365861,0.6707115253663323,221,0.9935956084172004,0.782899405099502,0.819060910028027
3,run_003_thr0.50_sup2_len3_cov0.30_ml1_mg0.00_sa0.00_bw0.35,0.5,2,3,0.3,0.0,0.0,0.35,1,789,974,1763,0.9276018099547512,0.8461538461538461,0.7782805429864253,0.23644132417740676,0.7670126999397354,0.12226671600365861,0.6707115253663323,221,0.9945105215004575,0.7828536594453391,0.8190334626355292
15,run_015_thr0.50_sup2_len3_cov0.35_ml1_mg0.00_sa0.00_bw0.35,0.5,2,3,0.35,0.0,0.0,0.35,1,789,974,1763,0.9276018099547512,0.8461538461538461,0.7782805429864253,0.23644132417740676,0.7670126999397354,0.12226671600365861,0.6707115253663323,221,0.9945105215004575,0.7828536594453391,0.8190334626355292
2,run_002_thr0.50_sup2_len3_cov0.30_ml1_mg0.00_sa0.00_bw0.20,0.5,2,3,0.3,0.0,0.0,0.2,1,794,975,1769,0.9276018099547512,0.8461538461538461,0.7782805429864253,0.22680302301836738,0.7646494577412417,0.12353101275120926,0.6703638409755788,221,1.0,0.782579185520362,0.8188687782805429
8,run_008_thr0.50_sup2_len3_cov0.30_ml1_mg0.02_sa0.00_bw0.20,0.5,2,3,0.3,0.02,0.0,0.2,1,794,975,1769,0.9276018099547512,0.8461538461538461,0.7782805429864253,0.22680302301836738,0.7646494577412417,0.12353101275120926,0.6703638409755788,221,1.0,0.782579185520362,0.8188687782805429
14,run_014_thr0.50_sup2_len3_cov0.35_ml1_mg0.00_sa0.00_bw0.20,0.5,2,3,0.35,0.0,0.0,0.2,1,794,975,1769,0.9276018099547512,0.8461538461538461,0.7782805429864253,0.22680302301836738,0.7646494577412417,0.12353101275120926,0.6703638409755788,221,1.0,0.782579185520362,0.8188687782805429
20,run_020_thr0.50_sup2_len3_cov0.35_ml1_mg0.02_sa0.00_bw0.20,0.5,2,3,0.35,0.02,0.0,0.2,1,794,975,1769,0.9276018099547512,0.8461538461538461,0.7782805429864253,0.22680302301836738,0.7646494577412417,0.12353101275120926,0.6703638409755788,221,1.0,0.782579185520362,0.8188687782805429
5,run_005_thr0.50_sup2_len3_cov0.30_ml1_mg0.00_sa0.20_bw0.20,0.5,2,3,0.3,0.0,0.2,0.2,1,721,969,1690,0.9004524886877828,0.8416289592760181,0.7601809954751131,0.20885652281745296,0.7586128452076338,0.11400420625645083,0.6716597692987588,221,0.9277218664226898,0.7692247664073723,0.8044081630118443
11,run_011_thr0.50_sup2_len3_cov0.30_ml1_mg0.02_sa0.20_bw0.20,0.5,2,3,0.3,0.02,0.2,0.2,1,721,969,1690,0.9004524886877828,0.8416289592760181,0.7601809954751131,0.20885652281745296,0.7586128452076338,0.11400420625645083,0.6716597692987588,221,0.9277218664226898,0.7692247664073723,0.8044081630118443
17,run_017_thr0.50_sup2_len3_cov0.35_ml1_mg0.00_sa0.20_bw0.20,0.5,2,3,0.35,0.0,0.2,0.2,1,721,969,1690,0.9004524886877828,0.8416289592760181,0.7601809954751131,0.20885652281745296,0.7586128452076338,0.11400420625645083,0.6716597692987588,221,0.9277218664226898,0.7692247664073723,0.8044081630118443
23,run_023_thr0.50_sup2_len3_cov0.35_ml1_mg0.02_sa0.20_bw0.20,0.5,2,3,0.35,0.02,0.2,0.2,1,721,969,1690,0.9004524886877828,0.8416289592760181,0.7601809954751131,0.20885652281745296,0.7586128452076338,0.11400420625645083,0.6716597692987588,221,0.9277218664226898,0.7692247664073723,0.8044081630118443
33,run_033_thr0.50_sup2_len4_cov0.30_ml1_mg0.02_sa0.00_bw0.35,0.5,2,4,0.3,0.02,0.0,0.35,1,771,955,1726,0.9140271493212669,0.8280542986425339,0.7601809954751131,0.25025090663267757,0.7650461353871701,0.11927767419443548,0.6646556412391476,221,0.9606587374199451,0.7675779228575095,0.8034200568819264
45,run_045_thr0.50_sup2_len4_cov0.35_ml1_mg0.02_sa0.00_bw0.35,0.5,2,4,0.35,0.02,0.0,0.35,1,771,955,1726,0.9140271493212669,0.8280542986425339,0.7601809954751131,0.25025090663267757,0.7650461353871701,0.11927767419443548,0.6646556412391476,221,0.9606587374199451,0.7675779228575095,0.8034200568819264
27,run_027_thr0.50_sup2_len4_cov0.30_ml1_mg0.00_sa0.00_bw0.35,0.5,2,4,0.3,0.0,0.0,0.35,1,772,955,1727,0.9140271493212669,0.8280542986425339,0.7601809954751131,0.2511523834467406,0.7642769279441756,0.11927767419443548,0.6646556412391476,221,0.9615736505032022,0.7675321772033467,0.8033926094894287
39,run_039_thr0.50_sup2_len4_cov0.35_ml1_mg0.00_sa0.00_bw0.35,0.5,2,4,0.35,0.0,0.0,0.35,1,772,955,1727,0.9140271493212669,0.8280542986425339,0.7601809954751131,0.2511523834467406,0.7642769279441756,0.11927767419443548,0.6646556412391476,221,0.9615736505032022,0.7675321772033467,0.8033926094894287
26,run_026_thr0.50_sup2_len4_cov0.30_ml1_mg0.00_sa0.00_bw0.20,0.5,2,4,0.3,0.0,0.0,0.2,1,777,956,1733,0.9140271493212669,0.8280542986425339,0.7601809954751131,0.2412128877935156,0.7620122092398712,0.12047609651404392,0.6641852338873825,221,0.9670631290027447,0.7672577032783695,0.8032279251344425
32,run_032_thr0.50_sup2_len4_cov0.30_ml1_mg0.02_sa0.00_bw0.20,0.5,2,4,0.3,0.02,0.0,0.2,1,777,956,1733,0.9140271493212669,0.8280542986425339,0.7601809954751131,0.2412128877935156,0.7620122092398712,0.12047609651404392,0.6641852338873825,221,0.9670631290027447,0.7672577032783695,0.8032279251344425
38,run_038_thr0.50_sup2_len4_cov0.35_ml1_mg0.00_sa0.00_bw0.20,0.5,2,4,0.35,0.0,0.0,0.2,1,777,956,1733,0.9140271493212669,0.8280542986425339,0.7601809954751131,0.2412128877935156,0.7620122092398712,0.12047609651404392,0.6641852338873825,221,0.9670631290027447,0.7672577032783695,0.8032279251344425
44,run_044_thr0.50_sup2_len4_cov0.35_ml1_mg0.02_sa0.00_bw0.20,0.5,2,4,0.35,0.02,0.0,0.2,1,777,956,1733,0.9140271493212669,0.8280542986425339,0.7601809954751131,0.2412128877935156,0.7620122092398712,0.12047609651404392,0.6641852338873825,221,0.9670631290027447,0.7672577032783695,0.8032279251344425
98,run_098_thr0.55_sup2_len3_cov0.30_ml1_mg0.00_sa0.00_bw0.20,0.55,2,3,0.3,0.0,0.0,0.2,1,644,960,1604,0.8914027149321267,0.8416289592760181,0.751131221719457,0.186069204667914,0.7821880984672523,0.10320962715542256,0.6759700490783226,221,0.8490393412625801,0.7663715623486357,0.8006600414815797
104,run_104_thr0.55_sup2_len3_cov0.30_ml1_mg0.02_sa0.00_bw0.20,0.55,2,3,0.3,0.02,0.0,0.2,1,644,960,1604,0.8914027149321267,0.8416289592760181,0.751131221719457,0.186069204667914,0.7821880984672523,0.10320962715542256,0.6759700490783226,221,0.8490393412625801,0.7663715623486357,0.8006600414815797
110,run_110_thr0.55_sup2_len3_cov0.35_ml1_mg0.00_sa0.00_bw0.20,0.55,2,3,0.35,0.0,0.0,0.2,1,644,960,1604,0.8914027149321267,0.8416289592760181,0.751131221719457,0.186069204667914,0.7821880984672523,0.10320962715542256,0.6759700490783226,221,0.8490393412625801,0.7663715623486357,0.8006600414815797
116,run_116_thr0.55_sup2_len3_cov0.35_ml1_mg0.02_sa0.00_bw0.20,0.55,2,3,0.35,0.02,0.0,0.2,1,644,960,1604,0.8914027149321267,0.8416289592760181,0.751131221719457,0.186069204667914,0.7821880984672523,0.10320962715542256,0.6759700490783226,221,0.8490393412625801,0.7663715623486357,0.8006600414815797
30,run_030_thr0.50_sup2_len4_cov0.30_ml1_mg0.00_sa0.20_bw0.35,0.5,2,4,0.3,0.0,0.2,0.35,1,758,955,1713,0.9140271493212669,0.8280542986425339,0.755656108597285,0.24757520254507603,0.7648956707956123,0.11961507193166795,0.6636155424167312,221,0.9487648673376029,0.7659101729227126,0.8021931625771569
36,run_036_thr0.50_sup2_len4_cov0.30_ml1_mg0.02_sa0.20_bw0.35,0.5,2,4,0.3,0.02,0.2,0.35,1,758,955,1713,0.9140271493212669,0.8280542986425339,0.755656108597285,0.24757520254507603,0.7648956707956123,0.11961507193166795,0.6636155424167312,221,0.9487648673376029,0.7659101729227126,0.8021931625771569
42,run_042_thr0.50_sup2_len4_cov0.35_ml1_mg0.00_sa0.20_bw0.35,0.5,2,4,0.35,0.0,0.2,0.35,1,758,955,1713,0.9140271493212669,0.8280542986425339,0.755656108597285,0.24757520254507603,0.7648956707956123,0.11961507193166795,0.6636155424167312,221,0.9487648673376029,0.7659101729227126,0.8021931625771569
48,run_048_thr0.50_sup2_len4_cov0.35_ml1_mg0.02_sa0.20_bw0.35,0.5,2,4,0.35,0.02,0.2,0.35,1,758,955,1713,0.9140271493212669,0.8280542986425339,0.755656108597285,0.24757520254507603,0.7648956707956123,0.11961507193166795,0.6636155424167312,221,0.9487648673376029,0.7659101729227126,0.8021931625771569
1,run_001_thr0.50_sup2_len3_cov0.30_ml1_mg0.00_sa0.00_bw0.00,0.5,2,3,0.3,0.0,0.0,0.0,1,584,943,1527,0.8914027149321267,0.8416289592760181,0.7420814479638009,0.18637114966040483,0.7626522913048169,0.10798889919607121,0.6804733466483511,221,0.7785910338517841,0.7653690908413475,0.799606069889424
4,run_004_thr0.50_sup2_len3_cov0.30_ml1_mg0.00_sa0.20_bw0.00,0.5,2,3,0.3,0.0,0.2,0.0,1,584,943,1527,0.8914027149321267,0.8416289592760181,0.7420814479638009,0.1852269566360821,0.7604637328432855,0.10927099439034842,0.6780707580037083,221,0.7785910338517841,0.7653690908413475,0.799606069889424
7,run_007_thr0.50_sup2_len3_cov0.30_ml1_mg0.02_sa0.00_bw0.00,0.5,2,3,0.3,0.02,0.0,0.0,1,584,943,1527,0.8914027149321267,0.8416289592760181,0.7420814479638009,0.18637114966040483,0.7626522913048169,0.10798889919607121,0.6804733466483511,221,0.7785910338517841,0.7653690908413475,0.799606069889424
10,run_010_thr0.50_sup2_len3_cov0.30_ml1_mg0.02_sa0.20_bw0.00,0.5,2,3,0.3,0.02,0.2,0.0,1,584,943,1527,0.8914027149321267,0.8416289592760181,0.7420814479638009,0.1852269566360821,0.7604637328432855,0.10927099439034842,0.6780707580037083,221,0.7785910338517841,0.7653690908413475,0.799606069889424
13,run_013_thr0.50_sup2_len3_cov0.35_ml1_mg0.00_sa0.00_bw0.00,0.5,2,3,0.35,0.0,0.0,0.0,1,584,943,1527,0.8914027149321267,0.8416289592760181,0.7420814479638009,0.18637114966040483,0.7626522913048169,0.10798889919607121,0.6804733466483511,221,0.7785910338517841,0.7653690908413475,0.799606069889424
16,run_016_thr0.50_sup2_len3_cov0.35_ml1_mg0.00_sa0.20_bw0.00,0.5,2,3,0.35,0.0,0.2,0.0,1,584,943,1527,0.8914027149321267,0.8416289592760181,0.7420814479638009,0.1852269566360821,0.7604637328432855,0.10927099439034842,0.6780707580037083,221,0.7785910338517841,0.7653690908413475,0.799606069889424
19,run_019_thr0.50_sup2_len3_cov0.35_ml1_mg0.02_sa0.00_bw0.00,0.5,2,3,0.35,0.02,0.0,0.0,1,584,943,1527,0.8914027149321267,0.8416289592760181,0.7420814479638009,0.18637114966040483,0.7626522913048169,0.10798889919607121,0.6804733466483511,221,0.7785910338517841,0.7653690908413475,0.799606069889424
22,run_022_thr0.50_sup2_len3_cov0.35_ml1_mg0.02_sa0.20_bw0.00,0.5,2,3,0.35,0.02,0.2,0.0,1,584,943,1527,0.8914027149321267,0.8416289592760181,0.7420814479638009,0.1852269566360821,0.7604637328432855,0.10927099439034842,0.6780707580037083,221,0.7785910338517841,0.7653690908413475,0.799606069889424
101,run_101_thr0.55_sup2_len3_cov0.30_ml1_mg0.00_sa0.20_bw0.20,0.55,2,3,0.3,0.0,0.2,0.2,1,609,954,1563,0.8868778280542986,0.8416289592760181,0.746606334841629,0.17797478978821046,0.7827109987369563,0.10513042723542539,0.675976494838202,221,0.8115279048490394,0.7648534690109418,0.7987310859314519
107,run_107_thr0.55_sup2_len3_cov0.30_ml1_mg0.02_sa0.20_bw0.20,0.55,2,3,0.3,0.02,0.2,0.2,1,609,954,1563,0.8868778280542986,0.8416289592760181,0.746606334841629,0.17797478978821046,0.7827109987369563,0.10513042723542539,0.675976494838202,221,0.8115279048490394,0.7648534690109418,0.7987310859314519
113,run_113_thr0.55_sup2_len3_cov0.35_ml1_mg0.00_sa0.20_bw0.20,0.55,2,3,0.35,0.0,0.2,0.2,1,609,954,1563,0.8868778280542986,0.8416289592760181,0.746606334841629,0.17797478978821046,0.7827109987369563,0.10513042723542539,0.675976494838202,221,0.8115279048490394,0.7648534690109418,0.7987310859314519
119,run_119_thr0.55_sup2_len3_cov0.35_ml1_mg0.02_sa0.20_bw0.20,0.55,2,3,0.35,0.02,0.2,0.2,1,609,954,1563,0.8868778280542986,0.8416289592760181,0.746606334841629,0.17797478978821046,0.7827109987369563,0.10513042723542539,0.675976494838202,221,0.8115279048490394,0.7648534690109418,0.7987310859314519
99,run_099_thr0.55_sup2_len3_cov0.30_ml1_mg0.00_sa0.00_bw0.35,0.55,2,3,0.3,0.0,0.0,0.35,1,716,967,1683,0.8959276018099548,0.8416289592760181,0.751131221719457,0.20395286412776745,0.7760784781020454,0.10139408842763539,0.6753496634177455,221,0.9213174748398902,0.7638888773892272,0.7999622857095545
105,run_105_thr0.55_sup2_len3_cov0.30_ml1_mg0.02_sa0.00_bw0.35,0.55,2,3,0.3,0.02,0.0,0.35,1,716,967,1683,0.8959276018099548,0.8416289592760181,0.751131221719457,0.20395286412776745,0.7760784781020454,0.10139408842763539,0.6753496634177455,221,0.9213174748398902,0.7638888773892272,0.7999622857095545
111,run_111_thr0.55_sup2_len3_cov0.35_ml1_mg0.00_sa0.00_bw0.35,0.55,2,3,0.35,0.0,0.0,0.35,1,716,967,1683,0.8959276018099548,0.8416289592760181,0.751131221719457,0.20395286412776745,0.7760784781020454,0.10139408842763539,0.6753496634177455,221,0.9213174748398902,0.7638888773892272,0.7999622857095545
117,run_117_thr0.55_sup2_len3_cov0.35_ml1_mg0.02_sa0.00_bw0.35,0.55,2,3,0.35,0.02,0.0,0.35,1,716,967,1683,0.8959276018099548,0.8416289592760181,0.751131221719457,0.20395286412776745,0.7760784781020454,0.10139408842763539,0.6753496634177455,221,0.9213174748398902,0.7638888773892272,0.7999622857095545
97,run_097_thr0.55_sup2_len3_cov0.30_ml1_mg0.00_sa0.00_bw0.00,0.55,2,3,0.3,0.0,0.0,0.0,1,579,940,1519,0.8868778280542986,0.8416289592760181,0.7375565610859729,0.1745315422915919,0.7801520541844025,0.09990678556348788,0.6847185796936245,221,0.7712717291857274,0.7623413909162793,0.7967713503868717
103,run_103_thr0.55_sup2_len3_cov0.30_ml1_mg0.02_sa0.00_bw0.00,0.55,2,3,0.3,0.02,0.0,0.0,1,579,940,1519,0.8868778280542986,0.8416289592760181,0.7375565610859729,0.1745315422915919,0.7801520541844025,0.09990678556348788,0.6847185796936245,221,0.7712717291857274,0.7623413909162793,0.7967713503868717
109,run_109_thr0.55_sup2_len3_cov0.35_ml1_mg0.00_sa0.00_bw0.00,0.55,2,3,0.35,0.0,0.0,0.0,1,579,940,1519,0.8868778280542986,0.8416289592760181,0.7375565610859729,0.1745315422915919,0.7801520541844025,0.09990678556348788,0.6847185796936245,221,0.7712717291857274,0.7623413909162793,0.7967713503868717
115,run_115_thr0.55_sup2_len3_cov0.35_ml1_mg0.02_sa0.00_bw0.00,0.55,2,3,0.35,0.02,0.0,0.0,1,579,940,1519,0.8868778280542986,0.8416289592760181,0.7375565610859729,0.1745315422915919,0.7801520541844025,0.09990678556348788,0.6847185796936245,221,0.7712717291857274,0.7623413909162793,0.7967713503868717
102,run_102_thr0.55_sup2_len3_cov0.30_ml1_mg0.00_sa0.20_bw0.35,0.55,2,3,0.3,0.0,0.2,0.35,1,663,962,1625,0.8868778280542986,0.8416289592760181,0.746606334841629,0.1877026463225099,0.779066434675499,0.10259190501912159,0.6749834827125322,221,0.868252516010979,0.7620172384528447,0.7970293475965938
108,run_108_thr0.55_sup2_len3_cov0.30_ml1_mg0.02_sa0.20_bw0.35,0.55,2,3,0.3,0.02,0.2,0.35,1,663,962,1625,0.8868778280542986,0.8416289592760181,0.746606334841629,0.1877026463225099,0.779066434675499,0.10259190501912159,0.6749834827125322,221,0.868252516010979,0.7620172384528447,0.7970293475965938
114,run_114_thr0.55_sup2_len3_cov0.35_ml1_mg0.00_sa0.20_bw0.35,0.55,2,3,0.35,0.0,0.2,0.35,1,663,962,1625,0.8868778280542986,0.8416289592760181,0.746606334841629,0.1877026463225099,0.779066434675499,0.10259190501912159,0.6749834827125322,221,0.868252516010979,0.7620172384528447,0.7970293475965938
120,run_120_thr0.55_sup2_len3_cov0.35_ml1_mg0.02_sa0.20_bw0.35,0.55,2,3,0.35,0.02,0.2,0.35,1,663,962,1625,0.8868778280542986,0.8416289592760181,0.746606334841629,0.1877026463225099,0.779066434675499,0.10259190501912159,0.6749834827125322,221,0.868252516010979,0.7620172384528447,0.7970293475965938
50,run_050_thr0.50_sup3_len3_cov0.30_ml1_mg0.00_sa0.00_bw0.20,0.5,3,3,0.3,0.0,0.0,0.2,1,359,379,738,0.8642533936651584,0.8371040723981901,0.6787330316742082,0.178887309234429,0.7291669183248016,0.12208972019936752,0.6697819032209956,221,0.056724611161939616,0.7618696517948442,0.7887959992217028
56,run_056_thr0.50_sup3_len3_cov0.30_ml1_mg0.02_sa0.00_bw0.20,0.5,3,3,0.3,0.02,0.0,0.2,1,359,379,738,0.8642533936651584,0.8371040723981901,0.6787330316742082,0.178887309234429,0.7291669183248016,0.12208972019936752,0.6697819032209956,221,0.056724611161939616,0.7618696517948442,0.7887959992217028
62,run_062_thr0.50_sup3_len3_cov0.35_ml1_mg0.00_sa0.00_bw0.20,0.5,3,3,0.35,0.0,0.0,0.2,1,359,379,738,0.8642533936651584,0.8371040723981901,0.6787330316742082,0.178887309234429,0.7291669183248016,0.12208972019936752,0.6697819032209956,221,0.056724611161939616,0.7618696517948442,0.7887959992217028
68,run_068_thr0.50_sup3_len3_cov0.35_ml1_mg0.02_sa0.00_bw0.20,0.5,3,3,0.35,0.02,0.0,0.2,1,359,379,738,0.8642533936651584,0.8371040723981901,0.6787330316742082,0.178887309234429,0.7291669183248016,0.12208972019936752,0.6697819032209956,221,0.056724611161939616,0.7618696517948442,0.7887959992217028
100,run_100_thr0.55_sup2_len3_cov0.30_ml1_mg0.00_sa0.20_bw0.00,0.55,2,3,0.3,0.0,0.2,0.0,1,569,939,1508,0.8823529411764706,0.8416289592760181,0.7375565610859729,0.15873635378575185,0.7848905515427835,0.09940762961860442,0.6825440840239813,221,0.7612076852698993,0.7617133713926136,0.7956026834690524
106,run_106_thr0.55_sup2_len3_cov0.30_ml1_mg0.02_sa0.20_bw0.00,0.55,2,3,0.3,0.02,0.2,0.0,1,569,939,1508,0.8823529411764706,0.8416289592760181,0.7375565610859729,0.15873635378575185,0.7848905515427835,0.09940762961860442,0.6825440840239813,221,0.7612076852698993,0.7617133713926136,0.7956026834690524
112,run_112_thr0.55_sup2_len3_cov0.35_ml1_mg0.00_sa0.20_bw0.00,0.55,2,3,0.35,0.0,0.2,0.0,1,569,939,1508,0.8823529411764706,0.8416289592760181,0.7375565610859729,0.15873635378575185,0.7848905515427835,0.09940762961860442,0.6825440840239813,221,0.7612076852698993,0.7617133713926136,0.7956026834690524
118,run_118_thr0.55_sup2_len3_cov0.35_ml1_mg0.02_sa0.20_bw0.00,0.55,2,3,0.35,0.02,0.2,0.0,1,569,939,1508,0.8823529411764706,0.8416289592760181,0.7375565610859729,0.15873635378575185,0.7848905515427835,0.09940762961860442,0.6825440840239813,221,0.7612076852698993,0.7617133713926136,0.7956026834690524
51,run_051_thr0.50_sup3_len3_cov0.30_ml1_mg0.00_sa0.00_bw0.35,0.5,3,3,0.3,0.0,0.0,0.35,1,354,378,732,0.8642533936651584,0.8371040723981901,0.6742081447963801,0.19053899978127203,0.7321573069872339,0.12100532436706936,0.6699104050391301,221,0.05123513266239707,0.7598816822809074,0.7873769731694493
63,run_063_thr0.50_sup3_len3_cov0.35_ml1_mg0.00_sa0.00_bw0.35,0.5,3,3,0.35,0.0,0.0,0.35,1,354,378,732,0.8642533936651584,0.8371040723981901,0.6742081447963801,0.19053899978127203,0.7321573069872339,0.12100532436706936,0.6699104050391301,221,0.05123513266239707,0.7598816822809074,0.7873769731694493
147,run_147_thr0.55_sup3_len3_cov0.30_ml1_mg0.00_sa0.00_bw0.35,0.55,3,3,0.3,0.0,0.0,0.35,1,342,376,718,0.8597285067873304,0.832579185520362,0.6742081447963801,0.1682794232908143,0.7546506117551133,0.10306400690683289,0.668987406187049,221,0.0384263494967978,0.7582596780002733,0.7848200601938291
153,run_153_thr0.55_sup3_len3_cov0.30_ml1_mg0.02_sa0.00_bw0.35,0.55,3,3,0.3,0.02,0.0,0.35,1,342,376,718,0.8597285067873304,0.832579185520362,0.6742081447963801,0.1682794232908143,0.7546506117551133,0.10306400690683289,0.668987406187049,221,0.0384263494967978,0.7582596780002733,0.7848200601938291
159,run_159_thr0.55_sup3_len3_cov0.35_ml1_mg0.00_sa0.00_bw0.35,0.55,3,3,0.35,0.0,0.0,0.35,1,342,376,718,0.8597285067873304,0.832579185520362,0.6742081447963801,0.1682794232908143,0.7546506117551133,0.10306400690683289,0.668987406187049,221,0.0384263494967978,0.7582596780002733,0.7848200601938291
165,run_165_thr0.55_sup3_len3_cov0.35_ml1_mg0.02_sa0.00_bw0.35,0.55,3,3,0.35,0.02,0.0,0.35,1,342,376,718,0.8597285067873304,0.832579185520362,0.6742081447963801,0.1682794232908143,0.7546506117551133,0.10306400690683289,0.668987406187049,221,0.0384263494967978,0.7582596780002733,0.7848200601938291
53,run_053_thr0.50_sup3_len3_cov0.30_ml1_mg0.00_sa0.20_bw0.20,0.5,3,3,0.3,0.0,0.2,0.2,1,351,378,729,0.8642533936651584,0.8371040723981901,0.669683257918552,0.18358759811581676,0.7310155298214508,0.12066594178477542,0.6692277968435161,221,0.0484903934126258,0.7577564758044819,0.7858756049397027
59,run_059_thr0.50_sup3_len3_cov0.30_ml1_mg0.02_sa0.20_bw0.20,0.5,3,3,0.3,0.02,0.2,0.2,1,351,378,729,0.8642533936651584,0.8371040723981901,0.669683257918552,0.18358759811581676,0.7310155298214508,0.12066594178477542,0.6692277968435161,221,0.0484903934126258,0.7577564758044819,0.7858756049397027
65,run_065_thr0.50_sup3_len3_cov0.35_ml1_mg0.00_sa0.20_bw0.20,0.5,3,3,0.35,0.0,0.2,0.2,1,351,378,729,0.8642533936651584,0.8371040723981901,0.669683257918552,0.18358759811581676,0.7310155298214508,0.12066594178477542,0.6692277968435161,221,0.0484903934126258,0.7577564758044819,0.7858756049397027
71,run_071_thr0.50_sup3_len3_cov0.35_ml1_mg0.02_sa0.20_bw0.20,0.5,3,3,0.35,0.02,0.2,0.2,1,351,378,729,0.8642533936651584,0.8371040723981901,0.669683257918552,0.18358759811581676,0.7310155298214508,0.12066594178477542,0.6692277968435161,221,0.0484903934126258,0.7577564758044819,0.7858756049397027
54,run_054_thr0.50_sup3_len3_cov0.30_ml1_mg0.00_sa0.20_bw0.35,0.5,3,3,0.3,0.0,0.2,0.35,1,352,378,730,0.8642533936651584,0.8371040723981901,0.669683257918552,0.18920891116972727,0.732317801432557,0.12072657031917303,0.6693649171585929,221,0.04940530649588289,0.7577107301503191,0.7858481575472049
60,run_060_thr0.50_sup3_len3_cov0.30_ml1_mg0.02_sa0.20_bw0.35,0.5,3,3,0.3,0.02,0.2,0.35,1,352,378,730,0.8642533936651584,0.8371040723981901,0.669683257918552,0.18920891116972727,0.732317801432557,0.12072657031917303,0.6693649171585929,221,0.04940530649588289,0.7577107301503191,0.7858481575472049
66,run_066_thr0.50_sup3_len3_cov0.35_ml1_mg0.00_sa0.20_bw0.35,0.5,3,3,0.35,0.0,0.2,0.35,1,352,378,730,0.8642533936651584,0.8371040723981901,0.669683257918552,0.18920891116972727,0.732317801432557,0.12072657031917303,0.6693649171585929,221,0.04940530649588289,0.7577107301503191,0.7858481575472049
72,run_072_thr0.50_sup3_len3_cov0.35_ml1_mg0.02_sa0.20_bw0.35,0.5,3,3,0.35,0.02,0.2,0.35,1,352,378,730,0.8642533936651584,0.8371040723981901,0.669683257918552,0.18920891116972727,0.732317801432557,0.12072657031917303,0.6693649171585929,221,0.04940530649588289,0.7577107301503191,0.7858481575472049
57,run_057_thr0.50_sup3_len3_cov0.30_ml1_mg0.02_sa0.00_bw0.35,0.5,3,3,0.3,0.02,0.0,0.35,1,353,378,731,0.8642533936651584,0.8371040723981901,0.669683257918552,0.1893497987216599,0.7329680920060628,0.12100532436706936,0.6699104050391301,221,0.05032021957913998,0.7576649844961562,0.7858207101547072
69,run_069_thr0.50_sup3_len3_cov0.35_ml1_mg0.02_sa0.00_bw0.35,0.5,3,3,0.35,0.02,0.0,0.35,1,353,378,731,0.8642533936651584,0.8371040723981901,0.669683257918552,0.1893497987216599,0.7329680920060628,0.12100532436706936,0.6699104050391301,221,0.05032021957913998,0.7576649844961562,0.7858207101547072
121,run_121_thr0.55_sup2_len4_cov0.30_ml1_mg0.00_sa0.00_bw0.00,0.55,2,4,0.3,0.0,0.0,0.0,1,566,923,1489,0.8778280542986425,0.8235294117647058,0.7375565610859729,0.17549279861723138,0.7823634749857196,0.08923416809452044,0.6804542806065774,221,0.7438243366880146,0.7569264302244229,0.7887712427500383
127,run_127_thr0.55_sup2_len4_cov0.30_ml1_mg0.02_sa0.00_bw0.00,0.55,2,4,0.3,0.02,0.0,0.0,1,566,923,1489,0.8778280542986425,0.8235294117647058,0.7375565610859729,0.17549279861723138,0.7823634749857196,0.08923416809452044,0.6804542806065774,221,0.7438243366880146,0.7569264302244229,0.7887712427500383
133,run_133_thr0.55_sup2_len4_cov0.35_ml1_mg0.00_sa0.00_bw0.00,0.55,2,4,0.35,0.0,0.0,0.0,1,566,923,1489,0.8778280542986425,0.8235294117647058,0.7375565610859729,0.17549279861723138,0.7823634749857196,0.08923416809452044,0.6804542806065774,221,0.7438243366880146,0.7569264302244229,0.7887712427500383
139,run_139_thr0.55_sup2_len4_cov0.35_ml1_mg0.02_sa0.00_bw0.00,0.55,2,4,0.35,0.02,0.0,0.0,1,566,923,1489,0.8778280542986425,0.8235294117647058,0.7375565610859729,0.17549279861723138,0.7823634749857196,0.08923416809452044,0.6804542806065774,221,0.7438243366880146,0.7569264302244229,0.7887712427500383
25,run_025_thr0.50_sup2_len4_cov0.30_ml1_mg0.00_sa0.00_bw0.00,0.5,2,4,0.3,0.0,0.0,0.0,1,570,925,1495,0.8778280542986425,0.8235294117647058,0.7375565610859729,0.20252375600683653,0.7610745485673012,0.10467076210559863,0.6747185925667171,221,0.7493138151875571,0.7566519562994457,0.788606558395052
31,run_031_thr0.50_sup2_len4_cov0.30_ml1_mg0.02_sa0.00_bw0.00,0.5,2,4,0.3,0.02,0.0,0.0,1,570,925,1495,0.8778280542986425,0.8235294117647058,0.7375565610859729,0.20252375600683653,0.7610745485673012,0.10467076210559863,0.6747185925667171,221,0.7493138151875571,0.7566519562994457,0.788606558395052
37,run_037_thr0.50_sup2_len4_cov0.35_ml1_mg0.00_sa0.00_bw0.00,0.5,2,4,0.35,0.0,0.0,0.0,1,570,925,1495,0.8778280542986425,0.8235294117647058,0.7375565610859729,0.20252375600683653,0.7610745485673012,0.10467076210559863,0.6747185925667171,221,0.7493138151875571,0.7566519562994457,0.788606558395052
43,run_043_thr0.50_sup2_len4_cov0.35_ml1_mg0.02_sa0.00_bw0.00,0.5,2,4,0.35,0.02,0.0,0.0,1,570,925,1495,0.8778280542986425,0.8235294117647058,0.7375565610859729,0.20252375600683653,0.7610745485673012,0.10467076210559863,0.6747185925667171,221,0.7493138151875571,0.7566519562994457,0.788606558395052
122,run_122_thr0.55_sup2_len4_cov0.30_ml1_mg0.00_sa0.00_bw0.20,0.55,2,4,0.3,0.0,0.0,0.2,1,629,941,1570,0.8823529411764706,0.8235294117647058,0.7420814479638009,0.18654502706566728,0.78384250594919,0.09634198783825157,0.6746999360700155,221,0.817932296431839,0.7566146973956027,0.7896023026002575
128,run_128_thr0.55_sup2_len4_cov0.30_ml1_mg0.02_sa0.00_bw0.20,0.55,2,4,0.3,0.02,0.0,0.2,1,629,941,1570,0.8823529411764706,0.8235294117647058,0.7420814479638009,0.18654502706566728,0.78384250594919,0.09634198783825157,0.6746999360700155,221,0.817932296431839,0.7566146973956027,0.7896023026002575
134,run_134_thr0.55_sup2_len4_cov0.35_ml1_mg0.00_sa0.00_bw0.20,0.55,2,4,0.35,0.0,0.0,0.2,1,629,941,1570,0.8823529411764706,0.8235294117647058,0.7420814479638009,0.18654502706566728,0.78384250594919,0.09634198783825157,0.6746999360700155,221,0.817932296431839,0.7566146973956027,0.7896023026002575
140,run_140_thr0.55_sup2_len4_cov0.35_ml1_mg0.02_sa0.00_bw0.20,0.55,2,4,0.35,0.02,0.0,0.2,1,629,941,1570,0.8823529411764706,0.8235294117647058,0.7420814479638009,0.18654502706566728,0.78384250594919,0.09634198783825157,0.6746999360700155,221,0.817932296431839,0.7566146973956027,0.7896023026002575
146,run_146_thr0.55_sup3_len3_cov0.30_ml1_mg0.00_sa0.00_bw0.20,0.55,3,3,0.3,0.0,0.0,0.2,1,338,376,714,0.8552036199095022,0.832579185520362,0.669683257918552,0.16224985176072895,0.7546018974712363,0.10329413768841819,0.6690429424273686,221,0.03476669716376944,0.7550489954585536,0.781875551121286
152,run_152_thr0.55_sup3_len3_cov0.30_ml1_mg0.02_sa0.00_bw0.20,0.55,3,3,0.3,0.02,0.0,0.2,1,338,376,714,0.8552036199095022,0.832579185520362,0.669683257918552,0.16224985176072895,0.7546018974712363,0.10329413768841819,0.6690429424273686,221,0.03476669716376944,0.7550489954585536,0.781875551121286
158,run_158_thr0.55_sup3_len3_cov0.35_ml1_mg0.00_sa0.00_bw0.20,0.55,3,3,0.35,0.0,0.0,0.2,1,338,376,714,0.8552036199095022,0.832579185520362,0.669683257918552,0.16224985176072895,0.7546018974712363,0.10329413768841819,0.6690429424273686,221,0.03476669716376944,0.7550489954585536,0.781875551121286
164,run_164_thr0.55_sup3_len3_cov0.35_ml1_mg0.02_sa0.00_bw0.20,0.55,3,3,0.35,0.02,0.0,0.2,1,338,376,714,0.8552036199095022,0.832579185520362,0.669683257918552,0.16224985176072895,0.7546018974712363,0.10329413768841819,0.6690429424273686,221,0.03476669716376944,0.7550489954585536,0.781875551121286
49,run_049_thr0.50_sup3_len3_cov0.30_ml1_mg0.00_sa0.00_bw0.00,0.5,3,3,0.3,0.0,0.0,0.0,1,343,378,721,0.8597285067873304,0.8371040723981901,0.665158371040724,0.17717089504247185,0.7358106917608368,0.12103168828957474,0.6701229003648701,221,0.04117108874656908,0.7547287758794137,0.7830408854371504
52,run_052_thr0.50_sup3_len3_cov0.30_ml1_mg0.00_sa0.20_bw0.00,0.5,3,3,0.3,0.0,0.2,0.0,1,343,378,721,0.8597285067873304,0.8371040723981901,0.665158371040724,0.17696241719568992,0.7347942002354737,0.12058088287477114,0.6691046814180265,221,0.04117108874656908,0.7547287758794137,0.7830408854371504
55,run_055_thr0.50_sup3_len3_cov0.30_ml1_mg0.02_sa0.00_bw0.00,0.5,3,3,0.3,0.02,0.0,0.0,1,343,378,721,0.8597285067873304,0.8371040723981901,0.665158371040724,0.17717089504247185,0.7358106917608368,0.12103168828957474,0.6701229003648701,221,0.04117108874656908,0.7547287758794137,0.7830408854371504
58,run_058_thr0.50_sup3_len3_cov0.30_ml1_mg0.02_sa0.20_bw0.00,0.5,3,3,0.3,0.02,0.2,0.0,1,343,378,721,0.8597285067873304,0.8371040723981901,0.665158371040724,0.17696241719568992,0.7347942002354737,0.12058088287477114,0.6691046814180265,221,0.04117108874656908,0.7547287758794137,0.7830408854371504
61,run_061_thr0.50_sup3_len3_cov0.35_ml1_mg0.00_sa0.00_bw0.00,0.5,3,3,0.35,0.0,0.0,0.0,1,343,378,721,0.8597285067873304,0.8371040723981901,0.665158371040724,0.17717089504247185,0.7358106917608368,0.12103168828957474,0.6701229003648701,221,0.04117108874656908,0.7547287758794137,0.7830408854371504
64,run_064_thr0.50_sup3_len3_cov0.35_ml1_mg0.00_sa0.20_bw0.00,0.5,3,3,0.35,0.0,0.2,0.0,1,343,378,721,0.8597285067873304,0.8371040723981901,0.665158371040724,0.17696241719568992,0.7347942002354737,0.12058088287477114,0.6691046814180265,221,0.04117108874656908,0.7547287758794137,0.7830408854371504
67,run_067_thr0.50_sup3_len3_cov0.35_ml1_mg0.02_sa0.00_bw0.00,0.5,3,3,0.35,0.02,0.0,0.0,1,343,378,721,0.8597285067873304,0.8371040723981901,0.665158371040724,0.17717089504247185,0.7358106917608368,0.12103168828957474,0.6701229003648701,221,0.04117108874656908,0.7547287758794137,0.7830408854371504
70,run_070_thr0.50_sup3_len3_cov0.35_ml1_mg0.02_sa0.20_bw0.00,0.5,3,3,0.35,0.02,0.2,0.0,1,343,378,721,0.8597285067873304,0.8371040723981901,0.665158371040724,0.17696241719568992,0.7347942002354737,0.12058088287477114,0.6691046814180265,221,0.04117108874656908,0.7547287758794137,0.7830408854371504
28,run_028_thr0.50_sup2_len4_cov0.30_ml1_mg0.00_sa0.20_bw0.00,0.5,2,4,0.3,0.0,0.2,0.0,1,570,925,1495,0.8778280542986425,0.8235294117647058,0.7330316742081447,0.2023005955483583,0.7589032032872284,0.1058899289622478,0.67261422238459,221,0.7493138151875571,0.7543895128605315,0.7870228479878122
34,run_034_thr0.50_sup2_len4_cov0.30_ml1_mg0.02_sa0.20_bw0.00,0.5,2,4,0.3,0.02,0.2,0.0,1,570,925,1495,0.8778280542986425,0.8235294117647058,0.7330316742081447,0.2023005955483583,0.7589032032872284,0.1058899289622478,0.67261422238459,221,0.7493138151875571,0.7543895128605315,0.7870228479878122
40,run_040_thr0.50_sup2_len4_cov0.35_ml1_mg0.00_sa0.20_bw0.00,0.5,2,4,0.35,0.0,0.2,0.0,1,570,925,1495,0.8778280542986425,0.8235294117647058,0.7330316742081447,0.2023005955483583,0.7589032032872284,0.1058899289622478,0.67261422238459,221,0.7493138151875571,0.7543895128605315,0.7870228479878122
46,run_046_thr0.50_sup2_len4_cov0.35_ml1_mg0.02_sa0.20_bw0.00,0.5,2,4,0.35,0.02,0.2,0.0,1,570,925,1495,0.8778280542986425,0.8235294117647058,0.7330316742081447,0.2023005955483583,0.7589032032872284,0.1058899289622478,0.67261422238459,221,0.7493138151875571,0.7543895128605315,0.7870228479878122
123,run_123_thr0.55_sup2_len4_cov0.30_ml1_mg0.00_sa0.00_bw0.35,0.55,2,4,0.3,0.0,0.0,0.35,1,700,948,1648,0.8868778280542986,0.8235294117647058,0.7420814479638009,0.20399654643852333,0.7782262961263758,0.0940979590022548,0.6732733454575862,221,0.889295516925892,0.754177758090357,0.78893199422073
129,run_129_thr0.55_sup2_len4_cov0.30_ml1_mg0.02_sa0.00_bw0.35,0.55,2,4,0.3,0.02,0.0,0.35,1,700,948,1648,0.8868778280542986,0.8235294117647058,0.7420814479638009,0.20399654643852333,0.7782262961263758,0.0940979590022548,0.6732733454575862,221,0.889295516925892,0.754177758090357,0.78893199422073
135,run_135_thr0.55_sup2_len4_cov0.35_ml1_mg0.00_sa0.00_bw0.35,0.55,2,4,0.35,0.0,0.0,0.35,1,700,948,1648,0.8868778280542986,0.8235294117647058,0.7420814479638009,0.20399654643852333,0.7782262961263758,0.0940979590022548,0.6732733454575862,221,0.889295516925892,0.754177758090357,0.78893199422073
141,run_141_thr0.55_sup2_len4_cov0.35_ml1_mg0.02_sa0.00_bw0.35,0.55,2,4,0.35,0.02,0.0,0.35,1,700,948,1648,0.8868778280542986,0.8235294117647058,0.7420814479638009,0.20399654643852333,0.7782262961263758,0.0940979590022548,0.6732733454575862,221,0.889295516925892,0.754177758090357,0.78893199422073
29,run_029_thr0.50_sup2_len4_cov0.30_ml1_mg0.00_sa0.20_bw0.20,0.5,2,4,0.3,0.0,0.2,0.2,1,704,950,1654,0.8868778280542986,0.8235294117647058,0.7420814479638009,0.2244478392010514,0.7561472332696514,0.11091114362551734,0.665732247949356,221,0.8947849954254345,0.7539032841653799,0.7887673098657437
35,run_035_thr0.50_sup2_len4_cov0.30_ml1_mg0.02_sa0.20_bw0.20,0.5,2,4,0.3,0.02,0.2,0.2,1,704,950,1654,0.8868778280542986,0.8235294117647058,0.7420814479638009,0.2244478392010514,0.7561472332696514,0.11091114362551734,0.665732247949356,221,0.8947849954254345,0.7539032841653799,0.7887673098657437
41,run_041_thr0.50_sup2_len4_cov0.35_ml1_mg0.00_sa0.20_bw0.20,0.5,2,4,0.35,0.0,0.2,0.2,1,704,950,1654,0.8868778280542986,0.8235294117647058,0.7420814479638009,0.2244478392010514,0.7561472332696514,0.11091114362551734,0.665732247949356,221,0.8947849954254345,0.7539032841653799,0.7887673098657437
47,run_047_thr0.50_sup2_len4_cov0.35_ml1_mg0.02_sa0.20_bw0.20,0.5,2,4,0.35,0.02,0.2,0.2,1,704,950,1654,0.8868778280542986,0.8235294117647058,0.7420814479638009,0.2244478392010514,0.7561472332696514,0.11091114362551734,0.665732247949356,221,0.8947849954254345,0.7539032841653799,0.7887673098657437
149,run_149_thr0.55_sup3_len3_cov0.30_ml1_mg0.00_sa0.20_bw0.20,0.55,3,3,0.3,0.0,0.2,0.2,1,332,374,706,0.8461538461538461,0.832579185520362,0.669683257918552,0.14908673265152553,0.7553070615338964,0.1053192034968557,0.6711861381992305,221,0.027447392497712716,0.7531525172529424,0.7791539537906795
155,run_155_thr0.55_sup3_len3_cov0.30_ml1_mg0.02_sa0.20_bw0.20,0.55,3,3,0.3,0.02,0.2,0.2,1,332,374,706,0.8461538461538461,0.832579185520362,0.669683257918552,0.14908673265152553,0.7553070615338964,0.1053192034968557,0.6711861381992305,221,0.027447392497712716,0.7531525172529424,0.7791539537906795
161,run_161_thr0.55_sup3_len3_cov0.35_ml1_mg0.00_sa0.20_bw0.20,0.55,3,3,0.35,0.0,0.2,0.2,1,332,374,706,0.8461538461538461,0.832579185520362,0.669683257918552,0.14908673265152553,0.7553070615338964,0.1053192034968557,0.6711861381992305,221,0.027447392497712716,0.7531525172529424,0.7791539537906795
167,run_167_thr0.55_sup3_len3_cov0.35_ml1_mg0.02_sa0.20_bw0.20,0.55,3,3,0.35,0.02,0.2,0.2,1,332,374,706,0.8461538461538461,0.832579185520362,0.669683257918552,0.14908673265152553,0.7553070615338964,0.1053192034968557,0.6711861381992305,221,0.027447392497712716,0.7531525172529424,0.7791539537906795
150,run_150_thr0.55_sup3_len3_cov0.30_ml1_mg0.00_sa0.20_bw0.35,0.55,3,3,0.3,0.0,0.2,0.35,1,332,376,708,0.8461538461538461,0.832579185520362,0.669683257918552,0.14957995849913858,0.7549405213136008,0.10236562814534077,0.6684299585037228,221,0.0292772186642269,0.7530610259446167,0.7790990590056841
156,run_156_thr0.55_sup3_len3_cov0.30_ml1_mg0.02_sa0.20_bw0.35,0.55,3,3,0.3,0.02,0.2,0.35,1,332,376,708,0.8461538461538461,0.832579185520362,0.669683257918552,0.14957995849913858,0.7549405213136008,0.10236562814534077,0.6684299585037228,221,0.0292772186642269,0.7530610259446167,0.7790990590056841
162,run_162_thr0.55_sup3_len3_cov0.35_ml1_mg0.00_sa0.20_bw0.35,0.55,3,3,0.35,0.0,0.2,0.35,1,332,376,708,0.8461538461538461,0.832579185520362,0.669683257918552,0.14957995849913858,0.7549405213136008,0.10236562814534077,0.6684299585037228,221,0.0292772186642269,0.7530610259446167,0.7790990590056841
168,run_168_thr0.55_sup3_len3_cov0.35_ml1_mg0.02_sa0.20_bw0.35,0.55,3,3,0.35,0.02,0.2,0.35,1,332,376,708,0.8461538461538461,0.832579185520362,0.669683257918552,0.14957995849913858,0.7549405213136008,0.10236562814534077,0.6684299585037228,221,0.0292772186642269,0.7530610259446167,0.7790990590056841
145,run_145_thr0.55_sup3_len3_cov0.30_ml1_mg0.00_sa0.00_bw0.00,0.55,3,3,0.3,0.0,0.0,0.0,1,338,375,713,0.8552036199095022,0.832579185520362,0.665158371040724,0.1619261047381016,0.7551809924666193,0.10716972825563235,0.6714898990820929,221,0.03385178408051235,0.7528322976738024,0.7803192881065439
151,run_151_thr0.55_sup3_len3_cov0.30_ml1_mg0.02_sa0.00_bw0.00,0.55,3,3,0.3,0.02,0.0,0.0,1,338,375,713,0.8552036199095022,0.832579185520362,0.665158371040724,0.1619261047381016,0.7551809924666193,0.10716972825563235,0.6714898990820929,221,0.03385178408051235,0.7528322976738024,0.7803192881065439
157,run_157_thr0.55_sup3_len3_cov0.35_ml1_mg0.00_sa0.00_bw0.00,0.55,3,3,0.35,0.0,0.0,0.0,1,338,375,713,0.8552036199095022,0.832579185520362,0.665158371040724,0.1619261047381016,0.7551809924666193,0.10716972825563235,0.6714898990820929,221,0.03385178408051235,0.7528322976738024,0.7803192881065439
163,run_163_thr0.55_sup3_len3_cov0.35_ml1_mg0.02_sa0.00_bw0.00,0.55,3,3,0.35,0.02,0.0,0.0,1,338,375,713,0.8552036199095022,0.832579185520362,0.665158371040724,0.1619261047381016,0.7551809924666193,0.10716972825563235,0.6714898990820929,221,0.03385178408051235,0.7528322976738024,0.7803192881065439
125,run_125_thr0.55_sup2_len4_cov0.30_ml1_mg0.00_sa0.20_bw0.20,0.55,2,4,0.3,0.0,0.2,0.2,1,594,936,1530,0.8778280542986425,0.8235294117647058,0.7330316742081447,0.17938033203669781,0.7847386065677942,0.09562852688692455,0.6731073671642929,221,0.7813357731015553,0.7527884149648316,0.7860621892503923
131,run_131_thr0.55_sup2_len4_cov0.30_ml1_mg0.02_sa0.20_bw0.20,0.55,2,4,0.3,0.02,0.2,0.2,1,594,936,1530,0.8778280542986425,0.8235294117647058,0.7330316742081447,0.17938033203669781,0.7847386065677942,0.09562852688692455,0.6731073671642929,221,0.7813357731015553,0.7527884149648316,0.7860621892503923
137,run_137_thr0.55_sup2_len4_cov0.35_ml1_mg0.00_sa0.20_bw0.20,0.55,2,4,0.35,0.0,0.2,0.2,1,594,936,1530,0.8778280542986425,0.8235294117647058,0.7330316742081447,0.17938033203669781,0.7847386065677942,0.09562852688692455,0.6731073671642929,221,0.7813357731015553,0.7527884149648316,0.7860621892503923
143,run_143_thr0.55_sup2_len4_cov0.35_ml1_mg0.02_sa0.20_bw0.20,0.55,2,4,0.35,0.02,0.2,0.2,1,594,936,1530,0.8778280542986425,0.8235294117647058,0.7330316742081447,0.17938033203669781,0.7847386065677942,0.09562852688692455,0.6731073671642929,221,0.7813357731015553,0.7527884149648316,0.7860621892503923
124,run_124_thr0.55_sup2_len4_cov0.30_ml1_mg0.00_sa0.20_bw0.00,0.55,2,4,0.3,0.0,0.2,0.0,1,556,922,1478,0.8733031674208145,0.8235294117647058,0.7285067873303167,0.16061502934412872,0.7875154427843242,0.08853824189699896,0.6784611548248789,221,0.7337602927721867,0.751773523822929,0.7844351550177394
130,run_130_thr0.55_sup2_len4_cov0.30_ml1_mg0.02_sa0.20_bw0.00,0.55,2,4,0.3,0.02,0.2,0.0,1,556,922,1478,0.8733031674208145,0.8235294117647058,0.7285067873303167,0.16061502934412872,0.7875154427843242,0.08853824189699896,0.6784611548248789,221,0.7337602927721867,0.751773523822929,0.7844351550177394
136,run_136_thr0.55_sup2_len4_cov0.35_ml1_mg0.00_sa0.20_bw0.00,0.55,2,4,0.35,0.0,0.2,0.0,1,556,922,1478,0.8733031674208145,0.8235294117647058,0.7285067873303167,0.16061502934412872,0.7875154427843242,0.08853824189699896,0.6784611548248789,221,0.7337602927721867,0.751773523822929,0.7844351550177394
142,run_142_thr0.55_sup2_len4_cov0.35_ml1_mg0.02_sa0.20_bw0.00,0.55,2,4,0.35,0.02,0.2,0.0,1,556,922,1478,0.8733031674208145,0.8235294117647058,0.7285067873303167,0.16061502934412872,0.7875154427843242,0.08853824189699896,0.6784611548248789,221,0.7337602927721867,0.751773523822929,0.7844351550177394
148,run_148_thr0.55_sup3_len3_cov0.30_ml1_mg0.00_sa0.20_bw0.00,0.55,3,3,0.3,0.0,0.2,0.0,1,328,374,702,0.8461538461538461,0.832579185520362,0.665158371040724,0.1408908779774422,0.7603200797628025,0.10525505082370754,0.6709655237830745,221,0.023787740164684355,0.7510730564306798,0.7776800329534305
154,run_154_thr0.55_sup3_len3_cov0.30_ml1_mg0.02_sa0.20_bw0.00,0.55,3,3,0.3,0.02,0.2,0.0,1,328,374,702,0.8461538461538461,0.832579185520362,0.665158371040724,0.1408908779774422,0.7603200797628025,0.10525505082370754,0.6709655237830745,221,0.023787740164684355,0.7510730564306798,0.7776800329534305
160,run_160_thr0.55_sup3_len3_cov0.35_ml1_mg0.00_sa0.20_bw0.00,0.55,3,3,0.35,0.0,0.2,0.0,1,328,374,702,0.8461538461538461,0.832579185520362,0.665158371040724,0.1408908779774422,0.7603200797628025,0.10525505082370754,0.6709655237830745,221,0.023787740164684355,0.7510730564306798,0.7776800329534305
166,run_166_thr0.55_sup3_len3_cov0.35_ml1_mg0.02_sa0.20_bw0.00,0.55,3,3,0.35,0.02,0.2,0.0,1,328,374,702,0.8461538461538461,0.832579185520362,0.665158371040724,0.1408908779774422,0.7603200797628025,0.10525505082370754,0.6709655237830745,221,0.023787740164684355,0.7510730564306798,0.7776800329534305
74,run_074_thr0.50_sup3_len4_cov0.30_ml1_mg0.00_sa0.00_bw0.20,0.5,3,4,0.3,0.0,0.0,0.2,1,346,364,710,0.8506787330316742,0.8190045248868778,0.669683257918552,0.20867231935753836,0.7224938893717473,0.11622233220076372,0.6659562221457334,221,0.03110704483074108,0.750707091197377,0.7761029877501003
80,run_080_thr0.50_sup3_len4_cov0.30_ml1_mg0.02_sa0.00_bw0.20,0.5,3,4,0.3,0.02,0.0,0.2,1,346,364,710,0.8506787330316742,0.8190045248868778,0.669683257918552,0.20867231935753836,0.7224938893717473,0.11622233220076372,0.6659562221457334,221,0.03110704483074108,0.750707091197377,0.7761029877501003
86,run_086_thr0.50_sup3_len4_cov0.35_ml1_mg0.00_sa0.00_bw0.20,0.5,3,4,0.35,0.0,0.0,0.2,1,346,364,710,0.8506787330316742,0.8190045248868778,0.669683257918552,0.20867231935753836,0.7224938893717473,0.11622233220076372,0.6659562221457334,221,0.03110704483074108,0.750707091197377,0.7761029877501003
92,run_092_thr0.50_sup3_len4_cov0.35_ml1_mg0.02_sa0.00_bw0.20,0.5,3,4,0.35,0.02,0.0,0.2,1,346,364,710,0.8506787330316742,0.8190045248868778,0.669683257918552,0.20867231935753836,0.7224938893717473,0.11622233220076372,0.6659562221457334,221,0.03110704483074108,0.750707091197377,0.7761029877501003
126,run_126_thr0.55_sup2_len4_cov0.30_ml1_mg0.00_sa0.20_bw0.35,0.55,2,4,0.3,0.0,0.2,0.35,1,648,943,1591,0.8778280542986425,0.8235294117647058,0.7330316742081447,0.1890102481579276,0.7812496903807743,0.09577297320698706,0.673917252359294,221,0.8371454711802379,0.7499979300608974,0.7843878983080318
132,run_132_thr0.55_sup2_len4_cov0.30_ml1_mg0.02_sa0.20_bw0.35,0.55,2,4,0.3,0.02,0.2,0.35,1,648,943,1591,0.8778280542986425,0.8235294117647058,0.7330316742081447,0.1890102481579276,0.7812496903807743,0.09577297320698706,0.673917252359294,221,0.8371454711802379,0.7499979300608974,0.7843878983080318
138,run_138_thr0.55_sup2_len4_cov0.35_ml1_mg0.00_sa0.20_bw0.35,0.55,2,4,0.35,0.0,0.2,0.35,1,648,943,1591,0.8778280542986425,0.8235294117647058,0.7330316742081447,0.1890102481579276,0.7812496903807743,0.09577297320698706,0.673917252359294,221,0.8371454711802379,0.7499979300608974,0.7843878983080318
144,run_144_thr0.55_sup2_len4_cov0.35_ml1_mg0.02_sa0.20_bw0.35,0.55,2,4,0.35,0.02,0.2,0.35,1,648,943,1591,0.8778280542986425,0.8235294117647058,0.7330316742081447,0.1890102481579276,0.7812496903807743,0.09577297320698706,0.673917252359294,221,0.8371454711802379,0.7499979300608974,0.7843878983080318
75,run_075_thr0.50_sup3_len4_cov0.30_ml1_mg0.00_sa0.00_bw0.35,0.5,3,4,0.3,0.0,0.0,0.35,1,341,363,704,0.8506787330316742,0.8190045248868778,0.665158371040724,0.22080487122430972,0.725219271511445,0.1154424641706328,0.6661353550887696,221,0.025617566331198535,0.7487191216834401,0.7746839616978468
87,run_087_thr0.50_sup3_len4_cov0.35_ml1_mg0.00_sa0.00_bw0.35,0.5,3,4,0.35,0.0,0.0,0.35,1,341,363,704,0.8506787330316742,0.8190045248868778,0.665158371040724,0.22080487122430972,0.725219271511445,0.1154424641706328,0.6661353550887696,221,0.025617566331198535,0.7487191216834401,0.7746839616978468
171,run_171_thr0.55_sup3_len4_cov0.30_ml1_mg0.00_sa0.00_bw0.35,0.55,3,4,0.3,0.0,0.0,0.35,1,330,361,691,0.8506787330316742,0.8144796380090498,0.665158371040724,0.1816524774071378,0.7538098027904915,0.0927859369769342,0.6694449915924771,221,0.013723696248856358,0.7481825934681001,0.7735701895650229
177,run_177_thr0.55_sup3_len4_cov0.30_ml1_mg0.02_sa0.00_bw0.35,0.55,3,4,0.3,0.02,0.0,0.35,1,330,361,691,0.8506787330316742,0.8144796380090498,0.665158371040724,0.1816524774071378,0.7538098027904915,0.0927859369769342,0.6694449915924771,221,0.013723696248856358,0.7481825934681001,0.7735701895650229
183,run_183_thr0.55_sup3_len4_cov0.35_ml1_mg0.00_sa0.00_bw0.35,0.55,3,4,0.35,0.0,0.0,0.35,1,330,361,691,0.8506787330316742,0.8144796380090498,0.665158371040724,0.1816524774071378,0.7538098027904915,0.0927859369769342,0.6694449915924771,221,0.013723696248856358,0.7481825934681001,0.7735701895650229
189,run_189_thr0.55_sup3_len4_cov0.35_ml1_mg0.02_sa0.00_bw0.35,0.55,3,4,0.35,0.02,0.0,0.35,1,330,361,691,0.8506787330316742,0.8144796380090498,0.665158371040724,0.1816524774071378,0.7538098027904915,0.0927859369769342,0.6694449915924771,221,0.013723696248856358,0.7481825934681001,0.7735701895650229
77,run_077_thr0.50_sup3_len4_cov0.30_ml1_mg0.00_sa0.20_bw0.20,0.5,3,4,0.3,0.0,0.2,0.2,1,338,363,701,0.8506787330316742,0.8190045248868778,0.6606334841628959,0.2142154869183116,0.7241547872433516,0.11489420897393797,0.6655441090564509,221,0.022872827081427266,0.7465939152070146,0.7731825934681
83,run_083_thr0.50_sup3_len4_cov0.30_ml1_mg0.02_sa0.20_bw0.20,0.5,3,4,0.3,0.02,0.2,0.2,1,338,363,701,0.8506787330316742,0.8190045248868778,0.6606334841628959,0.2142154869183116,0.7241547872433516,0.11489420897393797,0.6655441090564509,221,0.022872827081427266,0.7465939152070146,0.7731825934681
89,run_089_thr0.50_sup3_len4_cov0.35_ml1_mg0.00_sa0.20_bw0.20,0.5,3,4,0.35,0.0,0.2,0.2,1,338,363,701,0.8506787330316742,0.8190045248868778,0.6606334841628959,0.2142154869183116,0.7241547872433516,0.11489420897393797,0.6655441090564509,221,0.022872827081427266,0.7465939152070146,0.7731825934681
95,run_095_thr0.50_sup3_len4_cov0.35_ml1_mg0.02_sa0.20_bw0.20,0.5,3,4,0.35,0.02,0.2,0.2,1,338,363,701,0.8506787330316742,0.8190045248868778,0.6606334841628959,0.2142154869183116,0.7241547872433516,0.11489420897393797,0.6655441090564509,221,0.022872827081427266,0.7465939152070146,0.7731825934681
78,run_078_thr0.50_sup3_len4_cov0.30_ml1_mg0.00_sa0.20_bw0.35,0.5,3,4,0.3,0.0,0.2,0.35,1,339,363,702,0.8506787330316742,0.8190045248868778,0.6606334841628959,0.21988183280836082,0.7253792822279161,0.11530244613717602,0.6656936997869899,221,0.023787740164684355,0.7465481695528517,0.7731551460756023
84,run_084_thr0.50_sup3_len4_cov0.30_ml1_mg0.02_sa0.20_bw0.35,0.5,3,4,0.3,0.02,0.2,0.35,1,339,363,702,0.8506787330316742,0.8190045248868778,0.6606334841628959,0.21988183280836082,0.7253792822279161,0.11530244613717602,0.6656936997869899,221,0.023787740164684355,0.7465481695528517,0.7731551460756023
90,run_090_thr0.50_sup3_len4_cov0.35_ml1_mg0.00_sa0.20_bw0.35,0.5,3,4,0.35,0.0,0.2,0.35,1,339,363,702,0.8506787330316742,0.8190045248868778,0.6606334841628959,0.21988183280836082,0.7253792822279161,0.11530244613717602,0.6656936997869899,221,0.023787740164684355,0.7465481695528517,0.7731551460756023
96,run_096_thr0.50_sup3_len4_cov0.35_ml1_mg0.02_sa0.20_bw0.35,0.5,3,4,0.35,0.02,0.2,0.35,1,339,363,702,0.8506787330316742,0.8190045248868778,0.6606334841628959,0.21988183280836082,0.7253792822279161,0.11530244613717602,0.6656936997869899,221,0.023787740164684355,0.7465481695528517,0.7731551460756023
81,run_081_thr0.50_sup3_len4_cov0.30_ml1_mg0.02_sa0.00_bw0.35,0.5,3,4,0.3,0.02,0.0,0.35,1,340,363,703,0.8506787330316742,0.8190045248868778,0.6606334841628959,0.21960348306667984,0.7260916635538692,0.1154424641706328,0.6661353550887696,221,0.024702653247941447,0.7465024238986889,0.7731276986831046
93,run_093_thr0.50_sup3_len4_cov0.35_ml1_mg0.02_sa0.00_bw0.35,0.5,3,4,0.35,0.02,0.0,0.35,1,340,363,703,0.8506787330316742,0.8190045248868778,0.6606334841628959,0.21960348306667984,0.7260916635538692,0.1154424641706328,0.6661353550887696,221,0.024702653247941447,0.7465024238986889,0.7731276986831046
73,run_073_thr0.50_sup3_len4_cov0.30_ml1_mg0.00_sa0.00_bw0.00,0.5,3,4,0.3,0.0,0.0,0.0,1,330,363,693,0.8461538461538461,0.8190045248868778,0.6606334841628959,0.20744807559696724,0.72951724453256,0.1147162684805416,0.6662516605885839,221,0.01555352241537054,0.7458286587208605,0.7719315843727876
76,run_076_thr0.50_sup3_len4_cov0.30_ml1_mg0.00_sa0.20_bw0.00,0.5,3,4,0.3,0.0,0.2,0.0,1,330,363,693,0.8461538461538461,0.8190045248868778,0.6606334841628959,0.20776161731152468,0.7285347031208136,0.11435965837376884,0.6654085514748509,221,0.01555352241537054,0.7458286587208605,0.7719315843727876
79,run_079_thr0.50_sup3_len4_cov0.30_ml1_mg0.02_sa0.00_bw0.00,0.5,3,4,0.3,0.02,0.0,0.0,1,330,363,693,0.8461538461538461,0.8190045248868778,0.6606334841628959,0.20744807559696724,0.72951724453256,0.1147162684805416,0.6662516605885839,221,0.01555352241537054,0.7458286587208605,0.7719315843727876
82,run_082_thr0.50_sup3_len4_cov0.30_ml1_mg0.02_sa0.20_bw0.00,0.5,3,4,0.3,0.02,0.2,0.0,1,330,363,693,0.8461538461538461,0.8190045248868778,0.6606334841628959,0.20776161731152468,0.7285347031208136,0.11435965837376884,0.6654085514748509,221,0.01555352241537054,0.7458286587208605,0.7719315843727876
85,run_085_thr0.50_sup3_len4_cov0.35_ml1_mg0.00_sa0.00_bw0.00,0.5,3,4,0.35,0.0,0.0,0.0,1,330,363,693,0.8461538461538461,0.8190045248868778,0.6606334841628959,0.20744807559696724,0.72951724453256,0.1147162684805416,0.6662516605885839,221,0.01555352241537054,0.7458286587208605,0.7719315843727876
88,run_088_thr0.50_sup3_len4_cov0.35_ml1_mg0.00_sa0.20_bw0.00,0.5,3,4,0.35,0.0,0.2,0.0,1,330,363,693,0.8461538461538461,0.8190045248868778,0.6606334841628959,0.20776161731152468,0.7285347031208136,0.11435965837376884,0.6654085514748509,221,0.01555352241537054,0.7458286587208605,0.7719315843727876
91,run_091_thr0.50_sup3_len4_cov0.35_ml1_mg0.02_sa0.00_bw0.00,0.5,3,4,0.35,0.02,0.0,0.0,1,330,363,693,0.8461538461538461,0.8190045248868778,0.6606334841628959,0.20744807559696724,0.72951724453256,0.1147162684805416,0.6662516605885839,221,0.01555352241537054,0.7458286587208605,0.7719315843727876
94,run_094_thr0.50_sup3_len4_cov0.35_ml1_mg0.02_sa0.20_bw0.00,0.5,3,4,0.35,0.02,0.2,0.0,1,330,363,693,0.8461538461538461,0.8190045248868778,0.6606334841628959,0.20776161731152468,0.7285347031208136,0.11435965837376884,0.6654085514748509,221,0.01555352241537054,0.7458286587208605,0.7719315843727876
169,run_169_thr0.55_sup3_len4_cov0.30_ml1_mg0.00_sa0.00_bw0.00,0.55,3,4,0.3,0.0,0.0,0.0,1,326,361,687,0.8461538461538461,0.8144796380090498,0.6606334841628959,0.1750367212604501,0.7541158271837278,0.09237738097310938,0.6696256579934268,221,0.010064043915827997,0.7449719109263806,0.7706256804924798
170,run_170_thr0.55_sup3_len4_cov0.30_ml1_mg0.00_sa0.00_bw0.20,0.55,3,4,0.3,0.0,0.0,0.2,1,326,361,687,0.8461538461538461,0.8144796380090498,0.6606334841628959,0.17549407099891717,0.753731523141112,0.09260643916494085,0.6694889697605497,221,0.010064043915827997,0.7449719109263806,0.7706256804924798
175,run_175_thr0.55_sup3_len4_cov0.30_ml1_mg0.02_sa0.00_bw0.00,0.55,3,4,0.3,0.02,0.0,0.0,1,326,361,687,0.8461538461538461,0.8144796380090498,0.6606334841628959,0.1750367212604501,0.7541158271837278,0.09237738097310938,0.6696256579934268,221,0.010064043915827997,0.7449719109263806,0.7706256804924798
176,run_176_thr0.55_sup3_len4_cov0.30_ml1_mg0.02_sa0.00_bw0.20,0.55,3,4,0.3,0.02,0.0,0.2,1,326,361,687,0.8461538461538461,0.8144796380090498,0.6606334841628959,0.17549407099891717,0.753731523141112,0.09260643916494085,0.6694889697605497,221,0.010064043915827997,0.7449719109263806,0.7706256804924798
181,run_181_thr0.55_sup3_len4_cov0.35_ml1_mg0.00_sa0.00_bw0.00,0.55,3,4,0.35,0.0,0.0,0.0,1,326,361,687,0.8461538461538461,0.8144796380090498,0.6606334841628959,0.1750367212604501,0.7541158271837278,0.09237738097310938,0.6696256579934268,221,0.010064043915827997,0.7449719109263806,0.7706256804924798
182,run_182_thr0.55_sup3_len4_cov0.35_ml1_mg0.00_sa0.00_bw0.20,0.55,3,4,0.35,0.0,0.0,0.2,1,326,361,687,0.8461538461538461,0.8144796380090498,0.6606334841628959,0.17549407099891717,0.753731523141112,0.09260643916494085,0.6694889697605497,221,0.010064043915827997,0.7449719109263806,0.7706256804924798
187,run_187_thr0.55_sup3_len4_cov0.35_ml1_mg0.02_sa0.00_bw0.00,0.55,3,4,0.35,0.02,0.0,0.0,1,326,361,687,0.8461538461538461,0.8144796380090498,0.6606334841628959,0.1750367212604501,0.7541158271837278,0.09237738097310938,0.6696256579934268,221,0.010064043915827997,0.7449719109263806,0.7706256804924798
188,run_188_thr0.55_sup3_len4_cov0.35_ml1_mg0.02_sa0.00_bw0.20,0.55,3,4,0.35,0.02,0.0,0.2,1,326,361,687,0.8461538461538461,0.8144796380090498,0.6606334841628959,0.17549407099891717,0.753731523141112,0.09260643916494085,0.6694889697605497,221,0.010064043915827997,0.7449719109263806,0.7706256804924798
172,run_172_thr0.55_sup3_len4_cov0.30_ml1_mg0.00_sa0.20_bw0.00,0.55,3,4,0.3,0.0,0.2,0.0,1,316,360,676,0.8371040723981901,0.8144796380090498,0.6606334841628959,0.15424184113704714,0.760096950525972,0.09044186449252234,0.669150324918536,221,0.0,0.7432126696832579,0.7679864253393665
178,run_178_thr0.55_sup3_len4_cov0.30_ml1_mg0.02_sa0.20_bw0.00,0.55,3,4,0.3,0.02,0.2,0.0,1,316,360,676,0.8371040723981901,0.8144796380090498,0.6606334841628959,0.15424184113704714,0.760096950525972,0.09044186449252234,0.669150324918536,221,0.0,0.7432126696832579,0.7679864253393665
184,run_184_thr0.55_sup3_len4_cov0.35_ml1_mg0.00_sa0.20_bw0.00,0.55,3,4,0.35,0.0,0.2,0.0,1,316,360,676,0.8371040723981901,0.8144796380090498,0.6606334841628959,0.15424184113704714,0.760096950525972,0.09044186449252234,0.669150324918536,221,0.0,0.7432126696832579,0.7679864253393665
190,run_190_thr0.55_sup3_len4_cov0.35_ml1_mg0.02_sa0.20_bw0.00,0.55,3,4,0.35,0.02,0.2,0.0,1,316,360,676,0.8371040723981901,0.8144796380090498,0.6606334841628959,0.15424184113704714,0.760096950525972,0.09044186449252234,0.669150324918536,221,0.0,0.7432126696832579,0.7679864253393665
173,run_173_thr0.55_sup3_len4_cov0.30_ml1_mg0.00_sa0.20_bw0.20,0.55,3,4,0.3,0.0,0.2,0.2,1,320,360,680,0.8371040723981901,0.8144796380090498,0.6606334841628959,0.1625162857126037,0.7551017868670031,0.0908687334660149,0.6692518477202569,221,0.0036596523330283625,0.7430296870666065,0.7678766357693756
179,run_179_thr0.55_sup3_len4_cov0.30_ml1_mg0.02_sa0.20_bw0.20,0.55,3,4,0.3,0.02,0.2,0.2,1,320,360,680,0.8371040723981901,0.8144796380090498,0.6606334841628959,0.1625162857126037,0.7551017868670031,0.0908687334660149,0.6692518477202569,221,0.0036596523330283625,0.7430296870666065,0.7678766357693756
185,run_185_thr0.55_sup3_len4_cov0.35_ml1_mg0.00_sa0.20_bw0.20,0.55,3,4,0.35,0.0,0.2,0.2,1,320,360,680,0.8371040723981901,0.8144796380090498,0.6606334841628959,0.1625162857126037,0.7551017868670031,0.0908687334660149,0.6692518477202569,221,0.0036596523330283625,0.7430296870666065,0.7678766357693756
191,run_191_thr0.55_sup3_len4_cov0.35_ml1_mg0.02_sa0.20_bw0.20,0.55,3,4,0.35,0.02,0.2,0.2,1,320,360,680,0.8371040723981901,0.8144796380090498,0.6606334841628959,0.1625162857126037,0.7551017868670031,0.0908687334660149,0.6692518477202569,221,0.0036596523330283625,0.7430296870666065,0.7678766357693756
174,run_174_thr0.55_sup3_len4_cov0.30_ml1_mg0.00_sa0.20_bw0.35,0.55,3,4,0.3,0.0,0.2,0.35,1,320,361,681,0.8371040723981901,0.8144796380090498,0.6606334841628959,0.1631603373075801,0.7548493928831981,0.0922520690530473,0.6689706251456402,221,0.004574565416285453,0.7429839414124436,0.7678491883768779
180,run_180_thr0.55_sup3_len4_cov0.30_ml1_mg0.02_sa0.20_bw0.35,0.55,3,4,0.3,0.02,0.2,0.35,1,320,361,681,0.8371040723981901,0.8144796380090498,0.6606334841628959,0.1631603373075801,0.7548493928831981,0.0922520690530473,0.6689706251456402,221,0.004574565416285453,0.7429839414124436,0.7678491883768779
186,run_186_thr0.55_sup3_len4_cov0.35_ml1_mg0.00_sa0.20_bw0.35,0.55,3,4,0.35,0.0,0.2,0.35,1,320,361,681,0.8371040723981901,0.8144796380090498,0.6606334841628959,0.1631603373075801,0.7548493928831981,0.0922520690530473,0.6689706251456402,221,0.004574565416285453,0.7429839414124436,0.7678491883768779
192,run_192_thr0.55_sup3_len4_cov0.35_ml1_mg0.02_sa0.20_bw0.35,0.55,3,4,0.35,0.02,0.2,0.35,1,320,361,681,0.8371040723981901,0.8144796380090498,0.6606334841628959,0.1631603373075801,0.7548493928831981,0.0922520690530473,0.6689706251456402,221,0.004574565416285453,0.7429839414124436,0.7678491883768779
